{
  "native": {
    "drafter": "DSpark (q8, native blk-7)",
    "rows": {
      "gsm8k": {
        "domain": "math",
        "drafts": 7.0,
        "tau": 5.668892519803276,
        "accept_rate": 66.6984645686182,
        "speedup": 2.3189219490431947,
        "n": 20
      },
      "humaneval": {
        "domain": "code",
        "drafts": 7.0,
        "tau": 6.605577122396008,
        "accept_rate": 80.07967317708582,
        "speedup": 2.554477724617497,
        "n": 20
      },
      "mtbench": {
        "domain": "chat",
        "drafts": 7.0,
        "tau": 2.9548255345401087,
        "accept_rate": 27.926079064858698,
        "speedup": 1.1283634086654084,
        "n": 20
      }
    }
  }
}