{
  "native": {
    "drafter": "DSpark (bf16, native blk-7)",
    "rows": {
      "gsm8k": {
        "domain": "math",
        "drafts": 7.0,
        "tau": 5.668892519803276,
        "accept_rate": 66.6984645686182,
        "speedup": 1.854785528946715,
        "n": 20
      },
      "humaneval": {
        "domain": "code",
        "drafts": 7.0,
        "tau": 6.638900962298796,
        "accept_rate": 80.55572803283992,
        "speedup": 2.053315122223,
        "n": 20
      },
      "mtbench": {
        "domain": "chat",
        "drafts": 7.0,
        "tau": 2.9545416898681176,
        "accept_rate": 27.92202414097311,
        "speedup": 0.9305867465606119,
        "n": 20
      }
    }
  }
}